date,close,high,low,open,volume
2023-10-27,29.289348602294922,29.672240551996868,29.287836129109962,29.619376013055874,36300
2023-10-30,29.68280792236328,29.702444141992824,29.619370487468544,29.642025891102158,1700
2023-10-31,29.796091079711914,29.796091079711914,29.585387736356182,29.596715439411703,1100
2023-11-01,30.317943572998047,30.317943572998047,29.951665805658664,30.042290311928877,2700
2023-11-02,30.761249542236328,30.782395355480425,30.661561725385447,30.661561725385447,13600
2023-11-03,31.045209884643555,31.144897696918136,30.827707631916734,30.827707631916734,60900
2023-11-06,31.04068374633789,31.069380404853373,30.918337627089254,31.069380404853373,7200
2023-11-07,31.303489685058594,31.348800491379432,31.114686976319884,31.114686976319884,1100
2023-11-08,31.326147079467773,31.35635620620238,31.28083338936586,31.35635620620238,500
2023-11-09,31.122243881225586,31.409224861078716,31.10713931587529,31.303495784527897,3600
2023-11-10,31.681095123291016,31.681095123291016,31.34124967115855,31.34124967115855,1400
2023-11-13,31.5980224609375,31.658437831598913,31.507397964494977,31.514948805489855,3200
2023-11-14,32.14177703857422,32.18331386867223,32.06625421980467,32.09646334731249,8500
2023-11-15,32.17198181152344,32.20747739067418,32.134221844318766,32.1417755663002,7600
2023-11-16,32.194644927978516,32.194644927978516,32.0738112862497,32.15688495510725,7000
2023-11-17,32.202186584472656,32.255051107593005,32.12742145618823,32.12742145618823,6000
2023-11-20,32.51938247680664,32.55714244572594,32.383444283976395,32.383444283976395,12400
2023-11-21,32.2852668762207,32.36078681596841,32.11081391400882,32.2852668762207,10100
2023-11-22,32.42197036743164,32.56470465546154,32.413661846154454,32.55715381140207,4600
2023-11-24,32.398555755615234,32.421211165617116,32.353242054709895,32.421211165617116,3000
2023-11-27,32.371376037597656,32.485413681665335,32.368356851790686,32.42122141243746,2200
2023-11-28,32.41291046142578,32.45897896965314,32.32304071505892,32.32304071505892,22900
2023-11-29,32.3909912109375,32.669663608291565,32.37588664901498,32.65531672323069,4300
2023-11-30,32.353248596191406,32.3985623062587,32.215045957794295,32.3985623062587,11100
2023-12-01,32.45142364501953,32.45142364501953,32.2550671350886,32.2550671350886,2400
2023-12-04,32.241912841796875,32.40952296075126,31.8838377353998,32.40952296075126,146200
2023-12-05,32.24952697753906,32.34856665979188,32.09334432232848,32.11239197998107,12500
2023-12-06,32.127620697021484,32.42474840780875,32.12000337912314,32.42474840780875,18300
2023-12-07,32.49332046508789,32.49332046508789,32.31047284090085,32.371423017717994,11100
2023-12-08,32.61521911621094,32.62283643546203,32.42475416602432,32.43008716137943,17500
2023-12-11,32.80568313598633,32.81330045502138,32.61521819120154,32.63045573553605,27300
2023-12-12,33.01900863647461,33.01900863647461,32.83616097920273,32.85901875277729,16100
2023-12-13,33.262794494628906,33.26965037169717,33.05709202620388,33.06851945673903,54200
2023-12-14,33.262794494628906,33.346599526905486,33.20184722968675,33.346599526905486,238100
2023-12-15,33.33137130737305,33.36946372189991,33.28946877951401,33.29327889284618,17500
2023-12-18,33.49135208129883,33.52182716713598,33.39231241172429,33.39231241172429,13200
2023-12-19,33.62849426269531,33.62849426269531,33.45326684100371,33.45326684100371,27600
2023-12-20,33.346614837646484,33.636122471272415,33.338994609614886,33.5812667107475,8500
2023-12-21,33.544677734375,33.55229795799091,33.45934982996499,33.55229795799091,6900
2023-12-22,33.636104583740234,33.71228938594868,33.5980092763721,33.60562950035129,9700
2023-12-26,33.704673767089844,33.719908403288294,33.65134091533904,33.67419868216483,5600
2023-12-27,33.770198822021484,33.781626254413204,33.658967357136326,33.7122973124741,15400
2023-12-28,33.83245849609375,33.8862581722694,33.83245849609375,33.87088641738172,9100
2023-12-29,33.68642044067383,33.786332417671915,33.57113378184647,33.786332417671915,22800
2024-01-02,33.232967376708984,33.432794282400685,33.10230895494525,33.432794282400685,44800
2024-01-03,32.9332160949707,33.07155889913894,32.917847278384215,33.07155889913894,23300
2024-01-04,32.78719711303711,33.010851271524004,32.78719711303711,32.87942469501396,19900
2024-01-05,32.8217887878418,33.01008764864927,32.76414544175638,32.87174479078923,11600
2024-01-08,33.43279266357422,33.43279266357422,33.01007977948757,33.01007977948757,7000
2024-01-09,33.50965118408203,33.54039468805625,33.27908076799918,33.27908076799918,10200
2024-01-10,33.70179748535156,33.74022833558262,33.54808581187626,33.54808581187626,6000
2024-01-11,33.76327896118164,33.88625003890515,33.47122155214015,33.855506536508834,10900
2024-01-12,33.755592346191406,33.85550726519908,33.69334012414,33.85550726519908,5700
2024-01-16,33.717166900634766,33.840137990003754,33.571139648215976,33.70948249023884,19200
2024-01-17,33.63262176513672,33.63262176513672,33.355939029092276,33.60956560343182,8500
2024-01-18,34.03996658325195,34.03996658325195,33.84013673800676,33.90930815645903,6300
2024-01-19,34.56258773803711,34.56258773803711,34.1798391012145,34.23210246181749,8300
2024-01-22,34.616397857666016,34.76242512056292,34.51648292417748,34.76242512056292,33900
2024-01-23,34.67787551879883,34.67787551879883,34.53569195363783,34.57027619428941,2200
2024-01-24,34.862335205078125,35.03910595090187,34.82390729196197,34.99299069604539,39800
2024-01-25,34.79316711425781,34.96993787697732,34.42425383573074,34.508797011784004,7200
2024-01-26,34.7239875793457,34.83158689396349,34.681716001194225,34.76241548715757,5400
2024-01-29,34.94686508178711,34.94686508178711,34.685551267375644,34.78546321710596,5300
2024-01-30,34.785484313964844,34.94688627653378,34.74475194823179,34.94688627653378,3800
2024-01-31,34.347389221191406,34.52415995380821,34.285905151171555,34.47804763425872,84300
2024-02-01,34.71630859375,34.80853911292907,34.33202355942363,34.501109912723116,23500
2024-02-02,35.058204650878906,35.09696810594166,34.717079148417746,34.717079148417746,21900
2024-02-05,35.11246871948242,35.15898367547232,34.93415448744407,35.11169386454414,19100
2024-02-06,35.042694091796875,35.186896964924,34.879885827360596,35.186896964924,15500
2024-02-07,35.33730697631836,35.35280999268841,35.13263285367333,35.13263285367333,28400
2024-02-08,35.37296676635742,35.39157511726325,35.27528179648783,35.3217997162904,35100
2024-02-09,35.63966369628906,35.66292117675566,35.383819581308884,35.383819581308884,24000
2024-02-12,35.521812438964844,35.887745031330255,35.521812438964844,35.616395006420625,49000
2024-02-13,34.98843002319336,35.221013716179804,34.89461932495537,34.99618153139266,21500
2024-02-14,35.45515060424805,35.47685837829431,35.19775969375486,35.31405007294736,35800
2024-02-15,35.492366790771484,35.57764818251263,35.31405249779573,35.364447660622375,69300
2024-02-16,35.27528762817383,35.52337732654421,35.22101819149672,35.49236537488229,16400
2024-02-20,35.06595993041992,35.09697188079043,34.89539716084449,35.07371439674373,42100
2024-02-21,34.94966125488281,34.94966125488281,34.69381716126285,34.91864931187524,14700
2024-02-22,35.77145767211914,35.77145767211914,35.484604587903135,35.57763746110206,10100
2024-02-23,35.686180114746094,35.895506319880646,35.58539572363326,35.85674286503248,19100
2024-02-26,35.71719741821289,35.77922132124148,35.67843395755126,35.73270339397004,21800
2024-02-27,35.724952697753906,35.73270420707763,35.68618627874766,35.73270420707763,11700
2024-02-28,35.60865020751953,35.67842560335737,35.58694243803495,35.67842560335737,14300
2024-02-29,35.856746673583984,35.856746673583984,35.60865698725023,35.6706779301025,13700
2024-03-01,36.29865264892578,36.306407114349604,35.93426966801859,35.93426966801859,29400
2024-03-04,36.176658630371094,36.2626822938862,36.1485061365234,36.2626822938862,26800
2024-03-05,35.63705825805664,35.98897187474391,35.480651874728565,35.98897187474391,26900
2024-03-06,35.89512634277344,35.988968971919604,35.727771615607125,35.84038456050456,13000
2024-03-07,36.215763092041016,36.28614581948033,35.99679294933882,36.07499763716239,33500
2024-03-08,35.824745178222656,36.372163024643655,35.78564134644671,36.24703851928978,32000
2024-03-11,35.74654006958008,35.78564091768402,35.59013369396082,35.77782194134463,21800
2024-03-12,36.1610221862793,36.1610221862793,35.66834308215842,35.78173764487217,9300
2024-03-13,35.96551513671875,36.13755948868596,35.89513240716729,36.13755948868596,40700
2024-03-14,35.871665954589844,36.05544322927812,35.75436340576156,36.03980229279363,9500
2024-03-15,35.511932373046875,35.76218138340094,35.511932373046875,35.76218138340094,12000
2024-03-18,35.83256149291992,36.09063244409409,35.55103063098567,35.98896785879488,41600
2024-03-19,35.96942138671875,35.9811513438736,35.518972536109366,35.707442399581325,24300
2024-03-20,36.23922348022461,36.26268339527626,35.9029507761996,35.98897444232747,16200
2024-03-21,36.411258697509766,36.59190654634975,36.37997683237995,36.552024107391084,30000
2024-03-22,36.520751953125,36.520751953125,36.36434556909033,36.45036922946958,14600
2024-03-25,36.39562225341797,36.45740140894581,36.30959860530358,36.34088047429121,19000
2024-03-26,36.39562225341797,36.50510581167148,36.30959860530358,36.49728385282296,17600
2024-03-27,36.39562225341797,36.5207467461653,36.27049776067064,36.5207467461653,49900
2024-03-28,36.411258697509766,36.44253757943673,36.40343673962588,36.40343673962588,15300
2024-04-01,36.5442008972168,36.66932537024547,36.403435492159204,36.44253633063015,21500
2024-04-02,36.2420654296875,36.502403877892135,36.01328671360385,36.502403877892135,22700
2024-04-03,36.24995040893555,36.407730988215796,36.07639147078585,36.0921698296553,20400
2024-04-04,35.839717864990234,36.6128393016099,35.839717864990234,36.5812825876057,33200
2024-04-05,36.26572799682617,36.28860556340553,35.83183066067622,35.965945203508255,20000
2024-04-08,36.19472885131836,36.249951604475584,36.10794937938149,36.249951604475584,22300
2024-04-09,36.21050262451172,36.41561525177249,35.980932489999326,36.41561525177249,23300
2024-04-10,36.052730560302734,36.07639659726274,35.91861599556178,35.98172944000804,18700
2024-04-11,36.5576171875,36.58917390204862,35.98960836328062,36.257834418116,22000
2024-04-12,36.052730560302734,36.30912366188997,36.01722849544805,36.289399958146845,27700
2024-04-15,35.516265869140625,36.28938723608409,35.516265869140625,36.257830524923875,33100
2024-04-16,35.53205871582031,35.712716898182265,35.42161319113001,35.53205871582031,14400
2024-04-17,35.12971115112305,35.71349839407197,35.12024654329327,35.62671892463497,28300
2024-04-18,34.96404266357422,35.30169292182954,34.90881991237558,35.18414520183941,58900
2024-04-19,34.261924743652344,34.90882245575153,34.12781018853134,34.90882245575153,79800
2024-04-22,34.514373779296875,34.66899749971926,34.17514655054148,34.48281705815345,86500
2024-04-23,35.07447814941406,35.137591566711016,34.68002831954819,34.68002831954819,41500
2024-04-24,35.153377532958984,35.413712912147126,35.0705434118803,35.21648795450816,99500
2024-04-25,35.019264221191406,35.08237765436114,34.49070276075845,34.49070276075845,25900
2024-04-26,35.5636100769043,35.62750897260219,35.224382868273466,35.334828376308735,27900
2024-04-29,35.66616439819336,35.800278948500825,35.51627449788675,35.768722229673855,35600
2024-04-30,35.019264221191406,35.65038350581811,35.019264221191406,35.595160756501656,26400
2024-05-01,34.85360336303711,35.27961009901402,34.81021362088679,35.01138397000057,12100
2024-05-02,35.25790786743164,35.2977017393071,34.9793477282256,35.2977017393071,22400
2024-05-03,35.84687423706055,35.86597420616568,35.66381996313657,35.822200028044904,29500
2024-05-06,36.181129455566406,36.212965758518074,35.91530270168155,36.01399341918556,107200
2024-05-07,36.19707107543945,36.260743722625,36.12544086539517,36.228907399032224,40600
2024-05-08,36.173187255859375,36.20502357232774,35.98217239312742,36.09359646468846,96800
2024-05-09,36.22093963623047,36.24481839224172,36.05380352454336,36.18910635501268,16600
2024-05-10,36.26072311401367,36.4039834526809,36.213764107991416,36.300516977848524,15000
2024-05-13,36.356239318847656,36.411951351252945,36.30848484703824,36.411951351252945,15200
2024-05-14,36.54724884033203,36.55520943650638,36.34031888096699,36.34031888096699,11800
2024-05-15,36.953163146972656,36.954754052160055,36.620481798090395,36.69051805927913,24800
2024-05-16,36.973052978515625,37.032742269900645,36.929278807448014,37.008866553346635,21900
2024-05-17,36.905399322509766,36.99294766290778,36.77089500234356,36.99294766290778,32000
2024-05-20,37.10437774658203,37.12825650261895,36.97703551333899,36.99295367200416,32300
2024-05-21,37.12825393676758,37.12825393676758,36.937239082064465,37.00091171232488,24900
2024-05-22,37.16008758544922,37.239678374066415,37.01682720201641,37.239678374066415,60100
2024-05-23,37.0964241027832,37.51028716354786,36.96908185609244,37.51028716354786,46400
2024-05-24,37.351097106933594,37.359054666619606,37.08845209612949,37.16804287337818,37900
2024-05-28,37.39884948730469,37.40680704654686,37.24046643007991,37.40680704654686,26600
2024-05-29,37.24762725830078,37.29538172034702,37.152121370285755,37.152121370285755,18800
2024-05-30,36.93724060058594,37.136213024212466,36.889486125927405,37.09562369420357,46600
2024-05-31,36.921321868896484,36.9682808903264,36.38728178669052,36.9682808903264,288800
2024-06-03,37.04069900512695,37.49435578883264,36.74621769662653,37.486395193425835,58200
2024-06-04,37.12581253051758,37.17398420075516,36.93311666117644,36.93311666117644,25200
2024-06-05,37.64768981933594,37.64768981933594,37.25507602497383,37.38273645779755,38000
2024-06-06,37.72798156738281,37.744036748358994,37.57542978293762,37.744036748358994,39600
2024-06-07,37.63966369628906,37.75206834270527,37.56740312890766,37.71995185435867,21100
2024-06-10,37.744041442871094,37.744041442871094,37.549743713484084,37.61557853950593,16700
2024-06-11,37.86447525024414,37.86447525024414,37.55937471832577,37.55937471832577,34900
2024-06-12,38.26591110229492,38.3542298935326,38.14547583009879,38.17759231105725,62000
2024-06-13,38.386356353759766,38.43452802492441,38.245847478737566,38.36226745538045,39200
2024-06-14,38.474674224853516,38.474674224853516,38.31409789506205,38.31409789506205,40900
2024-06-17,38.803863525390625,38.84400760769489,38.40642884102609,38.53087947780561,46300
2024-06-18,38.72356033325195,38.77173505481043,38.71231987116793,38.75085903585547,35800
2024-06-20,38.58707809448242,38.92429202876331,38.50678687479874,38.92429202876331,27500
2024-06-21,38.54693603515625,38.642483058596,38.43132156404445,38.59511077331767,25900
2024-06-24,38.27394104003906,38.58707215440688,38.26912632411639,38.58707215440688,66600
2024-06-25,38.55496597290039,38.603140710166315,38.28198192065456,38.29000951213361,69700
2024-06-26,38.627220153808594,38.635247743958914,38.514815514923896,38.54291667464507,42100
2024-06-27,38.68342208862305,38.73159681743608,38.554959207918316,38.707507921631226,58200
2024-06-28,38.54693603515625,38.916269568799315,38.49073370536655,38.827950746902,52400
2024-07-01,38.811885833740234,38.811885833740234,38.386353106202776,38.69145054042369,26400
2024-07-02,39.038665771484375,39.038665771484375,38.62641190255002,38.71469221070225,24200
2024-07-03,39.28165054321289,39.28165054321289,39.040290851491925,39.062968818916396,24300
2024-07-05,39.548927307128906,39.65421609952629,39.24115270020757,39.24115270020757,52900
2024-07-08,39.6461181640625,40.02678358602137,39.524627293233195,40.02678358602137,71600
2024-07-09,39.654212951660156,39.816199736635625,39.56917058471725,39.816199736635625,96200
2024-07-10,39.88100051879883,39.9133954080064,39.64611980660633,39.79190762178503,47200
2024-07-11,39.34644317626953,40.34265777633779,39.29784621176337,40.34265777633779,77100
2024-07-12,39.540828704833984,39.75141248188939,39.322956463767405,39.727112452449845,78200
2024-07-15,39.58941650390625,39.945784926845825,39.50842157393772,39.945784926845825,1032000
2024-07-16,39.59751892089844,40.002484347521886,39.41933314449899,40.002484347521886,102800
2024-07-17,38.70659637451172,39.23304957746384,38.66610044961402,39.22495162834071,90100
2024-07-18,38.56890106201172,38.89935357091922,38.35021939095414,38.86047662342183,72400
2024-07-19,38.269229888916016,38.67419528456592,38.16393802094762,38.67419528456592,39600
2024-07-22,38.795684814453125,38.8442786829018,38.46361332494429,38.63369804379599,55600
2024-07-23,38.67420196533203,39.07106948106767,38.633706036699735,39.07106948106767,52100
2024-07-24,37.394508361816406,38.30163319901186,37.32971549609742,38.285434210171815,142000
2024-07-25,36.97334671020508,37.70228266423885,36.73846600839413,37.694184714705216,106300
2024-07-26,37.36210632324219,37.580787996268704,37.086729744946645,37.378305308982,65200
2024-07-29,37.42690658569336,37.72577067110136,37.33781369130764,37.386410658147454,42600
2024-07-30,36.96524429321289,37.6131883691945,36.66557073737909,37.426904640452356,70900
2024-07-31,37.96955490112305,38.07484367540181,37.28111190120768,37.28111190120768,232400
2024-08-01,37.094825744628906,38.277323834760026,36.81135123317297,37.79946459427684,395000
2024-08-02,36.244895935058594,36.55545060569933,35.962947896529485,36.32662248920051,154900
2024-08-05,35.264190673828125,35.73002096841687,34.332526967102375,34.49597690429364,132100
2024-08-06,35.58292770385742,36.105965175918016,35.22333710365383,35.550237082466325,119500
2024-08-07,35.23151779174805,36.26533472220403,35.14979122325263,35.87714365388769,47300
2024-08-08,36.261226654052734,36.293917262554515,35.53796486685195,35.75453469246722,34300
2024-08-09,36.46554946899414,36.52275649265014,36.093703815230135,36.163169041448285,65300
2024-08-12,36.53910827636719,36.74342000206938,36.1141395128007,36.74342000206938,50000
2024-08-13,37.348182678222656,37.35635377522186,36.830865882054425,37.160216271746876,25700
2024-08-14,37.39720916748047,37.71593801240791,37.129152962061724,37.71593801240791,37800
2024-08-15,38.12456512451172,38.16542684170659,37.55249173113598,37.55249173113598,24600
2024-08-16,38.22263717651367,38.25124069277992,37.98563483170787,38.17360124110747,25500
2024-08-19,38.598567962646484,38.598567962646484,38.14908282318336,38.24715157128185,35900
2024-08-20,38.53318405151367,38.65250199767779,38.42694110511995,38.57404576395777,40200
2024-08-21,38.6721076965332,38.73748891898501,38.500486663919624,38.704798307759106,32000
2024-08-22,38.21445846557617,38.76201543509754,38.15234753505598,38.65577247965923,38700
2024-08-23,38.57405090332031,38.72932667831538,38.37791029288775,38.72932667831538,38600
2024-08-26,38.41059875488281,38.57404873479638,38.12211011708194,38.40242765878421,33000
2024-08-27,38.40243148803711,38.426947896326595,38.059186184237404,38.059186184237404,21200
2024-08-28,38.06735610961914,38.58221933098456,37.87938660874717,38.58221933098456,44900
2024-08-29,38.06735610961914,38.467805281792245,37.973371359183155,38.06735610961914,21100
2024-08-30,38.57405090332031,38.58222199987827,38.13273686800897,38.41060091421805,42600
2024-09-03,37.46260070800781,38.42695236858764,37.39721945489405,38.42695236858764,38500
2024-09-04,37.43042755126953,37.60360128167014,37.18303605844674,37.18303605844674,150700
2024-09-05,37.4139289855957,37.72729317584527,37.23663119784631,37.27374164659774,33100
2024-09-06,36.5233268737793,37.752039402448695,36.457354126754886,37.54587928662798,76500
2024-09-09,36.952144622802734,37.05110060918284,36.62228714053028,36.70474993822135,68000
2024-09-10,37.3232307434082,37.34797209957417,36.88617224877696,37.13356379015777,93200
2024-09-11,38.03241729736328,38.03241729736328,36.811949788823846,37.356212368925945,28300
2024-09-12,38.370513916015625,38.40350028451255,37.92521052432012,38.18909518078903,67400
2024-09-13,38.53545379638672,38.551946985421786,38.39526640821991,38.44474282957094,11300
2024-09-16,38.40349578857422,38.53543810136205,38.16434936359851,38.53543810136205,39900
2024-09-17,38.420005798339844,38.659152328058525,38.24683202678669,38.593179569892996,40700
2024-09-18,38.26332092285156,38.758103970557116,38.26332092285156,38.387015111901,32400
2024-09-19,39.195159912109375,39.23639445155975,38.86530561678229,39.09620393808662,51500
2024-09-20,39.046730041503906,39.17867240792229,38.861187170081045,39.17867240792229,37500
2024-09-23,39.1374397277832,39.186919293229074,39.04672876400946,39.16218108338316,26300
2024-09-24,39.28586959838867,39.31060780465791,38.97580524956689,39.232269102887436,19200
2024-09-25,39.32710266113281,39.38482724204857,39.06321796387398,39.06321796387398,19500
2024-09-26,39.475547790527344,39.670163037985716,39.31886719649898,39.582751957891226,19700
2024-09-27,39.376583099365234,39.54975684597316,39.335351704328176,39.500280430230205,13400
2024-09-30,39.54151153564453,39.54151153564453,39.170422691521466,39.36833779030503,29000
2024-10-01,39.05497741699219,39.640471459492346,38.82407906688037,39.640471459492346,58700
2024-10-02,39.10323715209961,39.18643425951249,38.779595516663555,39.06163859839317,47500
2024-10-03,39.06163024902344,39.219705988825915,38.8702744038629,38.8702744038629,36600
2024-10-04,39.4443473815918,39.46930587717117,39.04499558349201,39.452665822196266,45400
2024-10-07,39.1697883605957,39.42770123846669,39.05330799375746,39.411061186061225,53100
2024-10-08,39.577457427978516,39.61905597094446,39.22220199905556,39.369461539383394,49700
2024-10-09,39.85201644897461,39.860334888672114,39.34450593575508,39.6689790379733,31300
2024-10-10,39.8187370300293,39.90110259689548,39.644021229475065,39.843695523318274,25600
2024-10-11,39.88529586791992,39.94353447072982,39.67314231786921,39.82705726511002,24800
2024-10-14,40.151519775390625,40.18479987499049,40.01840255075615,40.109921237773285,43900
2024-10-15,39.743858337402344,40.49264169922826,39.59410103028403,40.49264169922826,61100
2024-10-16,39.77713394165039,39.926891231816775,39.53585795485286,39.926891231816775,44500
2024-10-17,39.8187370300293,40.20144873803352,39.78545692313353,40.16816863113776,51200
2024-10-18,40.00177001953125,40.067495525679554,39.928554427212205,39.96016830363034,25900
2024-10-21,40.093292236328125,40.10161385040374,39.835379327769566,40.06001530132325,49100
2024-10-22,40.1348876953125,40.1764862379007,39.89194865198023,40.093285978958946,37200
2024-10-23,39.64402770996094,40.13489825873463,39.38278231926648,40.13489825873463,56800
2024-10-24,39.918575286865234,39.99345394257982,39.68811545954107,39.95601620160541,136200
2024-10-25,40.10993576049805,40.40113197678367,40.04337871096479,40.12657581632289,56800
2024-10-28,40.1348876953125,40.40112217639539,40.0683274881591,40.40112217639539,72600
2024-10-29,40.426082611083984,40.48432120826094,40.00509848451523,40.176488169787696,46000
2024-10-30,40.20145034790039,40.45104481208226,40.18897110075617,40.45104481208226,53200
2024-10-31,39.377784729003906,40.06001101701243,39.36114467639815,40.06001101701243,209000
2024-11-01,39.65234375,39.84369962369484,39.48594637216266,39.48594637216266,75000
2024-11-04,39.55498504638672,39.74801768478376,39.40391546823664,39.664088362713564,60400
2024-11-05,40.02497482299805,40.046796766010324,39.53819758100641,39.53819758100641,35500
2024-11-06,40.97336196899414,41.057288099721774,40.411049849650354,40.411049849650354,106800
2024-11-07,41.43495559692383,41.460135993456845,41.035462923129735,41.124425120009974,67600
2024-11-08,41.4433479309082,41.46013379384761,41.33424142259004,41.46013379384761,66800
2024-11-11,41.468528747558594,41.65317005444788,41.325853702472344,41.65317005444788,144400
2024-11-12,41.41817092895508,41.50210025052816,41.22513829170138,41.50210025052816,148100
2024-11-13,41.37621307373047,41.53567720399042,41.275501076750324,41.44335653943501,139100
2024-11-14,41.14960861206055,41.443356471672615,41.08246834804245,41.443356471672615,141700
2024-11-15,40.385860443115234,40.9565669692101,40.23479088023271,40.9565669692101,172800
2024-11-18,40.62925720214844,40.729969193119246,40.40265282128178,40.59568547129935,93500
2024-11-19,40.87264633178711,40.897823528447844,40.42950974173043,40.486581042299385,182300
2024-11-20,40.84746170043945,40.956568210623004,40.42027220660745,40.956568210623004,65400
2024-11-21,40.99852752685547,41.08245683532904,40.50335581237654,41.01531338855018,65900
2024-11-22,41.04888916015625,41.06567502350637,40.88103372823106,40.98174890833182,60100
2024-11-25,41.13282012939453,41.40978210499165,40.94146830808912,41.30907011458199,125200
2024-11-26,41.3090705871582,41.32585645268125,41.14960646547749,41.14960646547749,79500
2024-11-27,41.05728530883789,41.28388968829098,40.84746679470464,41.28388968829098,149900
2024-11-29,41.351036071777344,41.376213270748096,41.06819918359403,41.14960887528127,49300
2024-12-02,41.695133209228516,41.74045472306976,41.51049190192051,41.51049190192051,130100
2024-12-03,41.797569274902344,41.81450203846307,41.61300764240096,41.73830621723702,81100
2024-12-04,42.14468765258789,42.14468765258789,41.88223786149967,41.99229599278418,120600
2024-12-05,42.08542251586914,42.186169720410625,42.05155698655925,42.076957748338984,52900
2024-12-06,42.33940505981445,42.33940505981445,42.14468312201901,42.203946180061344,67300
2024-12-09,42.11082458496094,42.34787683830009,42.034628756445535,42.34787683830009,90100
2024-12-10,42.017696380615234,42.266601248927785,41.93303255392763,42.10235697770807,53100
2024-12-11,42.551063537597656,42.57646430015181,42.24204945460891,42.27168098625981,113900
2024-12-12,42.34788131713867,42.4833402233154,42.322483781478994,42.4833402233154,57500
2024-12-13,42.576473236083984,42.69076538798371,42.397834625271884,42.584938005648795,55200
2024-12-16,42.95744705200195,43.00824212218884,42.711926780782,42.72885954737597,91900
2024-12-17,42.78811264038086,42.95743703725055,42.728849585915604,42.95743703725055,85700
2024-12-18,41.74677658081055,42.878704275991716,41.670580755264275,42.830447673384484,80000
2024-12-19,41.636714935302734,42.110822649788496,41.615548172400985,42.076957120983536,106100
2024-12-20,41.958438873291016,42.28861976711164,41.315006623634495,41.331939391214426,97000
2024-12-23,42.322471618652344,42.33940115116346,41.869530728517596,42.1023489408781,161000
2024-12-24,42.6865234375,42.72885696622514,42.365656734272974,42.42407364513507,61800
2024-12-26,42.71192169189453,42.78811751769155,42.58492757236796,42.68652093023245,87600
2024-12-27,42.30555725097656,42.55107433426815,41.97960709051713,42.55107433426815,104800
2024-12-30,41.83143615722656,42.0769563924195,41.55205362340958,41.82297138996918,139100
2024-12-31,41.50972366333008,41.932186959795025,41.408130299543686,41.882238046538184,83500
2025-01-02,41.44198989868164,41.89916481467278,41.08048202631566,41.81450099897386,148100
2025-01-03,42.08171844482422,42.141505484025515,41.62050134971481,41.74861829551718,107800
2025-01-06,42.483158111572266,42.6796017502673,42.3080651299082,42.46607563105748,202400
2025-01-07,41.842567443847656,42.645424242941885,41.70761816818796,42.645424242941885,182700
2025-01-08,41.859649658203125,41.95360165104541,41.51800989840762,41.88527500234602,91800
2025-01-10,41.27885818481445,41.6375803904204,41.0226243143542,41.6375803904204,177400
2025-01-13,41.15073776245117,41.16782023624421,40.7117282862311,40.89450717185303,294900
2025-01-14,41.13365936279297,41.48896703332315,40.86888587999911,41.432594538407756,110100
2025-01-15,41.979225158691406,42.064634280366505,41.65466463165758,41.75715622929753,199800
2025-01-16,41.75715255737305,42.17566503633697,41.75715255737305,42.17566503633697,166400
2025-01-17,42.36356735229492,42.46520856794071,42.18420625082999,42.43189725274765,105700
2025-01-21,42.55147171020508,42.645423695113784,42.21837158781895,42.619801611283776,257500
2025-01-22,42.99561309814453,43.106647575897526,42.78208701070006,42.78208701070006,104300
2025-01-23,43.08955764770508,43.08955764770508,42.79061922207979,42.8589491221595,144100
2025-01-24,42.90166091918945,43.10664739586583,42.79062644190019,43.10664739586583,148800
2025-01-27,41.88527297973633,42.129546194440906,41.59487740595103,41.86819050384906,215900
2025-01-28,42.44043731689453,42.500224351358085,41.74861498720226,41.99630273363026,186700
2025-01-29,42.29523468017578,42.602712672079534,42.08170865892579,42.602712672079534,144600
2025-01-30,42.56855392456055,42.70350319765952,42.21837132905111,42.594176008233504,116000
2025-01-31,42.50022506713867,43.038311644522025,42.43189842295059,42.8845726224125,146600
2025-02-03,42.23999786376953,42.412336332158446,41.740216634149974,41.981491804727604,312000
2025-02-04,42.67083740234375,42.70530574940825,42.26412011081369,42.343394679396035,116300
2025-02-05,42.84318542480469,42.86041960218828,42.42095629661478,42.558826428600284,147400
2025-02-06,43.04998016357422,43.04998016357422,42.80008957330896,42.86902626872664,174000
2025-02-07,42.62775421142578,43.19560758203008,42.58553163615697,43.162000450107286,171400
2025-02-10,43.04998016357422,43.11029812852341,42.82594247763187,42.912110059821416,159800
2025-02-11,42.98965835571289,43.09133767140691,42.86902243659834,42.88625660891217,168500
2025-02-12,42.98965835571289,43.06634927203065,42.62775059836924,42.73115234516996,128200
2025-02-13,43.44635772705078,43.45066709242648,43.080140560100766,43.19647041566584,149200
2025-02-14,43.627315521240234,43.64454969589986,43.47565609906861,43.52391047328248,132300
2025-02-18,43.6876335144043,43.81688489380256,43.49806088012092,43.81688489380256,235700
2025-02-19,43.74795150756836,43.80826947540572,43.55406950773449,43.68763353973099,176700
2025-02-20,43.61869812011719,43.74795279046345,43.27574690905883,43.74795279046345,207300
2025-02-21,42.92073440551758,43.81688855361145,42.870754308676204,43.76518931236704,243100
2025-02-24,42.498504638671875,43.10599701038197,42.44680211115944,43.07583802443712,221300
2025-02-25,42.00733947753906,42.49850195307906,41.7057496371488,42.49850195307906,287500
2025-02-26,42.10212707519531,42.489887801117156,41.84362102027502,42.222763015019254,116900
2025-02-27,41.00778579711914,42.48127341940299,40.97331744304529,42.48127341940299,249000
2025-02-28,41.585113525390625,41.645434785064765,40.714809001515995,40.93023127136529,229200
2025-03-03,40.77244567871094,41.945814675331846,40.48127680174423,41.902357178344865,253000
2025-03-04,40.62468719482422,41.24874503842365,39.9928045486762,40.390012745846576,249500
2025-03-05,41.137489318847656,41.24874075845492,40.2422491103206,40.69421430046376,133000
2025-03-06,40.06842041015625,40.81764194640379,39.88589694202378,40.572536635201374,236000
2025-03-07,40.355255126953125,40.442170136837646,39.45132443553565,40.10319695645487,235400
2025-03-10,38.903743743896484,39.72075928166323,38.503929463828875,39.716412537255344,409100
2025-03-11,38.773372650146484,39.242721595286454,38.37790178463189,38.86028764787109,204500
2025-03-12,39.19926452636719,39.51129516714808,38.80814368363977,39.44263251132052,113700
2025-03-13,38.53001022338867,39.1558055373601,38.35617690233195,39.1558055373601,256700
2025-03-14,39.42525100708008,39.494782352594214,38.9289594653349,38.96459548181413,250400
2025-03-17,39.668601989746094,39.8858927572759,39.28617143250747,39.31224526362097,141900
2025-03-18,39.06888961791992,39.51216142639858,38.89331892929471,39.51216142639858,178200
2025-03-19,39.55561828613281,39.78942407710359,39.035859030858745,39.26010264673473,105700
2025-03-20,39.442623138427734,39.84243737610577,39.128855200454645,39.32094083266435,158900
2025-03-21,39.581687927246094,39.59037809928754,38.947199269210536,39.051497911678204,128900
2025-03-24,40.32047653198242,40.381317685022736,40.01627076678083,40.198794225901786,246000
2025-03-25,40.53776550292969,40.54645899045853,40.296138272894645,40.47692435260389,223100
2025-03-26,39.89458465576172,40.511689615225336,39.764208874198935,40.511689615225336,485400
2025-03-27,39.694679260253906,40.04147715896333,39.603417527855186,39.781597564153365,193100
2025-03-28,38.799442291259766,39.59733342237111,38.642992659795475,39.58169044858124,283400
2025-03-31,38.76467514038086,38.790752289469246,37.84336432391691,38.26925241042722,191100
2025-04-01,39.04172897338867,39.06803378307491,38.398195935097725,38.682261123386475,177400
2025-04-02,39.2784538269043,39.47134016477061,38.41923803615325,38.41923803615325,273800
2025-04-03,37.349605560302734,38.086076816019116,37.30576866242909,37.9457967360989,469000
2025-04-04,35.113887786865234,36.429014695321165,35.07881693328331,36.341340905907046,473800
2025-04-07,35.13142395019531,36.56491418340854,33.43052765030057,33.67601694143941,734500
2025-04-08,34.53523635864258,36.67363225424412,34.017952910128166,36.446554636574405,291400
2025-04-09,38.47184753417969,38.55601624664247,34.32481433463214,34.32481433463214,266900
2025-04-10,36.93752670288086,37.647692990355,35.946796971820405,37.621391526238234,562200
2025-04-11,37.55126190185547,37.62140027064929,36.5517625540805,36.937535288339916,201200
2025-04-14,37.81427764892578,38.45430558053,37.49864670302997,38.270188643604165,225600
2025-04-15,37.866886138916016,38.1474462776909,37.754663421222325,37.94579388698024,105800
2025-04-16,36.83231735229492,37.467087725148595,36.31503399770643,37.226856070970975,206200
2025-04-17,36.83231735229492,37.11288082021827,36.60436350624903,37.11288082021827,270000
2025-04-21,35.955570220947266,36.469348555552436,35.55226541577141,36.40271526782817,211600
2025-04-22,36.841094970703125,37.108504420647535,36.28347967775303,36.35888235990773,255200
2025-04-23,37.612632751464844,38.314033134559445,37.543367310586085,38.051008408966574,327100
2025-04-24,38.541988372802734,38.62966551413944,37.69417065054959,37.81428649468335,101000
2025-04-25,39.01542663574219,39.04172810029992,38.46307246824805,38.66472483378458,254300
2025-04-28,39.00666046142578,39.17324197728492,38.541980073750935,39.12940508832622,247600
2025-04-29,39.22584915161133,39.28722146647101,38.78133633139029,38.901448807878346,612700
2025-04-30,39.25215530395508,39.30388197071073,38.29211157972934,38.67349959150658,234500
2025-05-01,39.63068771362305,40.010099612599575,39.60415293574444,39.75008240584759,230800
2025-05-02,40.143646240234375,40.27631000474968,39.84294463127541,40.01098584949875,254200
2025-05-05,39.96676254272461,40.170177841880246,39.816413424392934,39.865056580036644,509600
2025-05-06,39.612998962402344,39.860634397254856,39.42727238626296,39.55109010368922,213000
2025-05-07,39.78988265991211,39.88716559898223,39.329985873390754,39.71028507428765,210100
2025-05-08,40.134803771972656,40.417816655546275,39.846483932937325,40.10826899466409,1447900
2025-05-09,40.108272552490234,40.37360010643376,39.99330087781337,40.37360010643376,211900
2025-05-12,41.461421966552734,41.47911069095483,41.0519362624033,41.47911069095483,292000
2025-05-13,41.947853088378906,42.05398206862509,41.470267616601895,41.62062009791516,395100
2025-05-14,42.133575439453125,42.16010683842016,41.8947827274124,42.08935531658168,296200
2025-05-15,42.133575439453125,42.31930197978065,41.8947827274124,42.00975774590144,424600
2025-05-16,42.283935546875,42.30604392541636,42.053985468342674,42.301624273975925,229000
2025-05-19,42.33699417114258,42.36352894606197,41.824034631019366,41.84172335637249,383200
2025-05-20,42.23971176147461,42.283047961760936,41.983233654665234,42.230869084872786,347300
2025-05-21,41.788658142089844,42.40686611835931,41.65599438577777,41.93458759927723,420500
2025-05-22,41.859413146972656,42.0805171588444,41.71790334054644,41.806346969562824,272600
2025-05-23,41.558712005615234,41.72674984189562,41.21378690938785,41.39951684544244,277400
2025-05-27,42.35468673706055,42.45197304843463,41.907171729007594,42.02745372280385,252900
2025-05-28,42.21317672729492,42.49618958712832,42.160110550908875,42.43428073490098,290700
2025-05-29,42.283935546875,42.717297552618675,42.12474037674638,42.717297552618675,324700
2025-05-30,42.23971176147461,42.32815539639138,41.788661031628045,42.28393526582285,335200
2025-06-02,42.5118293762207,42.5118293762207,42.05682154615457,42.17280440133748,282300
2025-06-03,42.77947235107422,42.84192386226649,42.46899815161773,42.574274042392155,353500
2025-06-04,42.86868667602539,42.93113818554638,42.67241196182457,42.84192271575983,300800
2025-06-05,42.62779998779297,43.11849527205419,42.476133011459105,43.10957168323928,387500
2025-06-06,42.93114471435547,43.07389152973357,42.82765557046931,42.86869319533709,316300
2025-06-09,43.020362854003906,43.11850192600074,42.9133001918151,43.0292830408434,293800
2025-06-10,43.26124954223633,43.279089916246605,42.89546061467993,43.109579136328655,397000
2025-06-11,43.127418518066406,43.40131349579706,43.011435678705546,43.359380793435925,274500
2025-06-12,43.21663284301758,43.270164168226266,43.0203581239566,43.09172982088275,282300
2025-06-13,42.80623245239258,43.109569795126696,42.72593717333496,42.88652773145019,402500
2025-06-16,43.27907943725586,43.350454529425356,43.10064851353554,43.10956869838087,300700
2025-06-17,42.95791244506836,43.23448248781484,42.89813596063738,43.180954558691035,209000
2025-06-18,42.98467254638672,43.19433265888526,42.86958138307973,43.056044246588115,271500
2025-06-20,42.86868667602539,43.288006871396625,42.73486347134556,43.26124291113106,296000
2025-06-23,43.24340057373047,43.26124434895123,42.717021116450354,42.940063201681724,323300
2025-06-24,43.751930236816406,43.79653796705555,43.5378083669762,43.591339685274164,371100
2025-06-25,43.832237243652344,43.974984060632714,43.72517457840263,43.93929650554948,577600
2025-06-26,44.13556671142578,44.18909463106385,43.87683708866856,44.04634783977573,399100
2025-06-27,44.26047134399414,44.340766629734176,44.02850567258867,44.11772454749542,600000
2025-06-30,44.43891143798828,44.50136295682417,44.27832084573813,44.421067660699094,639600
2025-07-01,44.200401306152344,44.397505712386675,44.04829763939289,44.362406714930984,374300
2025-07-02,44.4254035949707,44.434402368550366,44.11939379322242,44.18239550828801,353900
2025-07-03,44.722412109375,44.758414071105875,44.52980882412049,44.578407695787526,317000
2025-07-07,44.47040557861328,44.614409993284525,44.34170010945798,44.614409993284525,454300
2025-07-08,44.5244026184082,44.60540530550465,44.434397725336815,44.60540530550465,420900
2025-07-09,44.76742172241211,44.82142123823931,44.56941434214847,44.67741680713934,418600
2025-07-10,44.722412109375,44.83041799456763,44.56040671492209,44.83041799456763,427500
2025-07-11,44.668418884277344,44.74041938453243,44.533413225461345,44.65941667591013,336900
2025-07-14,44.78541946411133,44.83042363860886,44.506412808910866,44.686419206891586,407400
2025-07-15,44.830421447753906,45.02842538585345,44.821419239959745,45.00142562914358,473900
2025-07-16,44.87541580200195,44.902415554870394,44.50640430167807,44.87541580200195,454300
2025-07-17,45.13642501831055,45.145423791520145,44.879014097815926,45.00141938681577,413800
2025-07-18,45.118431091308594,45.244434535954355,45.04642716103309,45.244434535954355,321200
2025-07-21,45.2894287109375,45.40643336400701,45.15442307790838,45.18142626451573,472200
2025-07-22,45.13642501831055,45.35242990869919,44.929415467795664,45.35242990869919,368700
2025-07-23,45.2894287109375,45.298430917585236,45.04642063148662,45.262428957666025,301600
2025-07-24,45.37944030761719,45.44244546820861,45.26243906176494,45.40644350025255,358700
2025-07-25,45.451446533203125,45.53244924851656,45.35964254029141,45.40644578765939,463100
2025-07-28,45.61344528198242,45.66744822872617,45.514441596287035,45.66744822872617,630500
2025-07-29,45.559444427490234,45.82045353206703,45.49644270339742,45.784451565917855,491700
2025-07-30,45.604434967041016,45.72143961418428,45.40643106418592,45.676438883232464,466500
2025-07-31,45.4244384765625,46.07245664738397,45.34343577604279,46.07245664738397,661800
2025-08-01,44.71802520751953,45.07213693416352,44.53642847333376,45.01766033847651,712300
2025-08-04,45.399017333984375,45.41717735655839,45.040364681405485,45.07214385499247,480300
2025-08-05,45.17201232910156,45.54973240289837,45.12661401446951,45.51704575491007,419300
2025-08-06,45.60784912109375,45.63508742116259,45.20833904418129,45.262815644318955,392500
2025-08-07,45.72589111328125,45.95288620144196,45.46530188815657,45.89840613336213,618400
2025-08-08,46.04368209838867,46.0527638414219,45.8148720508009,45.83484703633585,448900
2025-08-11,45.952880859375,46.17987592114732,45.880240777046374,46.098157560362495,652400
2025-08-12,46.37963104248047,46.37963104248047,45.95650915886328,46.134475968802164,679200
2025-08-13,46.388710021972656,46.547605869258284,46.28883164263035,46.54306499828735,1020800
2025-08-14,46.388710021972656,46.4795066593731,46.279753364358186,46.30699166284438,401200
2025-08-15,46.261592864990234,46.425029581554,46.16171448668242,46.425029581554,394300
2025-08-18,46.279754638671875,46.291558825319505,46.15263795734322,46.225274576529685,590300
2025-08-19,45.798526763916016,46.24343865123994,45.736786844479425,46.24343865123994,530500
2025-08-20,45.59877014160156,45.76220686684292,45.09937822354751,45.76220686684292,591900
2025-08-21,45.43533706665039,45.63509038625042,45.24829195272761,45.56245376012408,488700
2025-08-22,46.03459548950195,46.139011269800264,45.43532871353459,45.55336364224838,472300
2025-08-25,45.96195983886719,46.13447830519414,45.87116319824129,45.989201601990814,685800
2025-08-26,46.107242584228516,46.11632432768312,45.853009186223936,45.98920762868083,534400
2025-08-27,46.161720275878906,46.19804032048572,45.96650436570491,46.080001907348624,661800
2025-08-28,46.41594696044922,46.45680787065096,46.09906275662308,46.25251024698144,593200
2025-08-29,46.016441345214844,46.306994760737645,45.90748468031128,46.306994760737645,752600
2025-09-02,45.7077522277832,45.71874152788308,45.27723722406095,45.469593653472266,785800
2025-09-03,46.02834701538086,46.13551802611916,45.80484666130523,45.99170669655846,399600
2025-09-04,46.394744873046875,46.394744873046875,45.97796909352857,46.119945966272354,390500
2025-09-05,46.4771842956543,46.7428178836446,46.165748559949854,46.67869906990074,550500
2025-09-08,46.64206314086914,46.769385296464364,46.5871061491791,46.66954513092777,630100
2025-09-09,46.75197982788086,46.77945832120749,46.550461558916794,46.66954085368768,565300
2025-09-10,46.779457092285156,46.93517670354291,46.66037780064255,46.92601487653252,554200
2025-09-11,47.008460998535156,47.04510132372328,46.843583029402325,46.98098250175092,504300
2025-09-12,47.1641731262207,47.20997177830909,47.00845351606438,47.104631733713944,860800
2025-09-15,47.429805755615234,47.429805755615234,47.26492781603034,47.301568134652115,660500
2025-09-16,47.4114875793457,47.52140853980861,47.36568892625945,47.52140853980861,419400
2025-09-17,47.36568832397461,47.4572891231956,47.008453942545756,47.4298071363227,793400
2025-09-18,47.667964935302734,47.79620255788768,47.53056548583992,47.64048294888229,525500
2025-09-19,47.906124114990234,47.92444427609846,47.68628917011841,47.83284696477077,759700
2025-09-22,48.089317321777344,48.11679581352731,47.85116224011373,47.869478905138315,759100
2025-09-23,47.851165771484375,48.12596119190298,47.77788512912563,48.12596119190298,557100
2025-09-24,47.759559631347656,47.961077881100955,47.576361540136745,47.961077881100955,552000
2025-09-25,47.585533142089844,47.695450621711736,47.292417533622334,47.59469147613597,532100
2025-09-26,47.787044525146484,47.79620635275177,47.46186952942735,47.68628888098232,713100
2025-09-29,47.94276428222656,48.12596239850318,47.869483638030545,48.00688309879136,898000
2025-09-30,48.052677154541016,48.06183898129523,47.787040086078285,47.96107985227743,991700
2025-10-01,48.20792007446289,48.24211245869208,47.82813433536636,47.86602090708752,1048200
2025-10-02,48.3372917175293,48.401975249932796,48.18944313989443,48.401975249932796,513100
2025-10-03,48.2171630859375,48.44817670611735,48.10627753524784,48.42045619969196,842200
2025-10-06,48.49437713623047,48.59602368977723,48.37424907067629,48.50361965472816,694400
2025-10-07,48.318809509277344,48.613583113411416,48.21716295268103,48.596025147729414,789700
2025-10-08,48.73463439941406,48.73463439941406,48.38349271309243,48.40197422552915,675000
2025-10-09,48.68843078613281,48.753114319731765,48.49438018533596,48.753114319731765,562700
2025-10-10,47.37627410888672,48.84182317592359,47.33931108330237,48.77159483730858,1169500
2025-10-13,48.263370513916016,48.29571228336626,47.91222878489305,48.07855889206243,586000
2025-10-14,47.96766662597656,48.244882257524765,47.40399284433534,47.718171500086775,560400
2025-10-15,48.19867706298828,48.503616705084326,47.81057590939815,48.35576814300412,471800
2025-10-16,48.078556060791016,48.59602786651024,47.773619898930036,48.43893676343957,431600
2025-10-17,48.35577392578125,48.44817796626139,47.8392256810296,47.967669200790624,526700
2025-10-20,48.91020584106445,48.95640786189249,48.57754565112144,48.60526615862061,527900
2025-10-21,48.882476806640625,48.97395728542088,48.75310623590565,48.91019730930431,517500
2025-10-22,48.5220947265625,48.882478901573315,48.13307002589108,48.882478901573315,608600
2025-10-23,48.87323760986328,48.91297127304436,48.48513644625107,48.512856950798266,522400
2025-10-24,49.270591735839844,49.36299578724319,49.16247681020498,49.25211022056145,834000
2025-10-27,49.963626861572266,49.99134736875834,49.68641121474687,49.732613235053066,997900
2025-10-28,50.231597900390625,50.34710470074105,50.009823292723176,50.120712359050806,792000
2025-10-29,50.388694763183594,50.48017878854828,50.05603455273716,50.397937282911805,992600
2025-10-30,49.825016021728516,50.25008376281726,49.825016021728516,50.20388174367382,1184200
2025-10-31,50.0283088684082,50.32400601933065,49.87029775228334,50.32400601933065,1113700
2025-11-03,50.209163665771484,50.423572958907975,50.06000922027991,50.33035276402167,896400
2025-11-04,49.435420989990234,49.90339602634746,49.370166144384676,49.68711977566413,896000
2025-11-05,49.69643783569336,49.90152294411472,49.29092258247056,49.34219474860638,738500
2025-11-06,48.95066452026367,49.61254063598675,48.84812373918409,49.61254063598675,903200
2025-11-07,48.86676788330078,48.86676788330078,48.03709609563569,48.81083719135538,1208300
2025-11-10,49.78034210205078,49.8269521967061,49.31423404325301,49.4354195781324,779100
2025-11-11,49.68711853027344,49.75330507828265,49.43541975090829,49.584574187999976,608000
2025-11-12,49.64982986450195,49.8735633019522,49.444744732638426,49.864242705281185,557800
2025-11-13,48.801513671875,49.463389836170215,48.63371448161676,49.40745558737668,781100
2025-11-14,48.84812927246094,49.13711401244909,47.990488537360996,48.19557723499582,1045800
2025-11-17,48.50320816040039,49.123132792140225,48.21142474336056,48.72694161499644,1229800
2025-11-18,47.97183609008789,48.368027191941856,47.57098291236593,48.23285899686714,1080600
2025-11-19,48.2142219543457,48.69897479454755,47.855316733715455,48.01845385394625,869000
2025-11-20,47.16081619262695,49.295592075852724,47.1048819422109,49.02991060959082,1676500
2025-11-21,47.552345275878906,48.05574286124223,46.789795265125626,47.28666380962424,1118900
2025-11-24,48.68964767456055,48.771683859787615,47.925230738237346,47.96252023662441,799000
2025-11-25,48.98794937133789,49.06252835718414,48.139632966006516,48.577775617548824,919800
2025-11-26,49.37948989868164,49.482034242697644,49.07185686663364,49.23965605572849,1065700
2025-11-28,49.715087890625,49.715087890625,49.454064956215205,49.55660929943452,939900
2025-12-01,49.55991744995117,49.72919259485309,49.2777934042486,49.390642305049255,868600
2025-12-02,49.89846420288086,49.98310176933259,49.606934010124554,49.72448598645186,754600
2025-12-03,50.00191116333008,50.04893482776477,49.644555707959526,49.757404610318545,687200
2025-12-04,49.98310470581055,50.086547437638416,49.79502081515671,50.086547437638416,524800
2025-12-05,50.16178512573242,50.33576336173622,50.0395300521243,50.048936220233706,990100
2025-12-08,50.077144622802734,50.33952001676766,49.926678228465036,50.23701359729825,1003500
2025-12-09,50.15237808227539,50.18058940928921,49.9257368047128,50.01131427240287,961100
2025-12-10,50.3122444152832,50.4156907254484,49.8843535118547,50.05833172325995,725400
2025-12-11,50.20880126953125,50.21820743690356,49.70097585347901,50.10535495284634,860600
2025-12-12,49.46587371826172,50.086548053874516,49.27779341269568,50.030125397165456,973300
2025-12-15,49.277793884277344,49.77621315612052,49.164941394975486,49.75740440790354,836500
2025-12-16,49.381229400634766,49.484675707007106,49.01446783251566,49.117914138888004,862400
2025-12-17,48.553672790527344,49.465873752846406,48.544266622801345,49.43766242447215,943900
2025-12-18,49.22136688232422,49.465873430579194,49.04268915811488,49.24017563025181,752400
2025-12-19,49.785614013671875,49.804422761237966,49.37653541316523,49.37653541316523,729600
2025-12-22,49.99250793457031,50.19940057571376,49.886241916122,50.142974331565036,921900
2025-12-23,50.18999099731445,50.199397164400985,49.898464390861506,49.94548446408925,842800
2025-12-24,50.331058502197266,50.331058502197266,50.161783356219544,50.189994684748534,576700
2025-12-26,50.321651458740234,50.396886450044185,50.260525718857146,50.359268954392206,1282100
2025-12-29,50.14297866821289,50.24642499773123,49.99251225820498,50.07714983804707,1385800
2025-12-30,50.04893493652344,50.22761266459699,50.03952876865529,50.08654884579023,1104700
2025-12-31,49.71977996826172,50.086541538770895,49.705674305919274,50.086541538770895,1355600
2026-01-02,49.62775802612305,50.26340142381833,49.41903756999855,50.083145151135,1320300
2026-01-05,49.98827362060547,50.167585320389186,49.89340265426852,50.14006933820181,1651100
2026-01-06,50.3582763671875,50.38673693173907,50.02622076467335,50.06417059680557,1305100
2026-01-07,50.39622497558594,50.6305614000906,50.310839658777624,50.405714243617616,1079900
2026-01-08,50.18750762939453,50.348788993379976,49.98827281275413,50.320328427757914,1130100
2026-01-09,50.595458984375,50.66661039799695,50.07365782384533,50.24442845472862,1068500
2026-01-12,50.64289474487305,50.73681750664656,50.311787333039774,50.33930331476619,1258300
2026-01-13,50.585975646972656,50.75674629787635,50.43417991495779,50.642900403639125,833400
2026-01-14,50.178016662597656,50.41519768567221,49.83647541031507,50.41519768567221,1248200
2026-01-15,50.34878921508789,50.680841212458525,50.29186446449778,50.576484598353,915800
2026-01-16,50.33930206298828,50.614429301553045,50.18750635170953,50.57648308805478,782700
2026-01-20,49.40955352783203,49.91237614946527,49.34409133243198,49.60878472292121,1719400
2026-01-21,50.00724792480469,50.29186443942266,49.38962759090791,49.456989812422655,1294100
2026-01-22,50.3582763671875,50.453147328422865,50.135325627279684,50.453147328422865,819600
2026-01-23,50.53853225708008,50.690327965360126,50.225451573011455,50.26340140485525,812100
2026-01-26,50.70930862426758,50.83264378218044,50.47212757702507,50.548023630212974,1052500
2026-01-27,51.06982421875,51.117259703812174,50.842128823717836,50.97494962953013,1350200
2026-01-28,51.1741828918457,51.37151770242736,51.079311917914225,51.269057484872846,985200
2026-01-29,51.01289749145508,51.19315377535517,50.22545471732731,51.155203941135554,1359900
2026-01-30,50.53853225708008,50.93699463415452,50.35827598446476,50.88955915389735,1194700
2026-02-02,50.869693756103516,51.00368671702544,50.27629114197161,50.41028410289354,850900
2026-02-03,50.18058395385742,51.01325712164491,49.76903205058712,51.01325712164491,1423600
2026-02-04,49.405330657958984,50.094441450656035,48.97081012871697,50.07529907852176,1666400
2026-02-05,48.73536682128906,49.30867051518618,48.5257645811175,49.06077987611063,1430400
2026-02-06,49.7211799621582,49.86378572184006,48.8932896158447,49.099065575839305,1117700
2026-02-09,50.12315368652344,50.23800792048207,49.42351695530114,49.62546295913863,1114200
2026-02-10,49.91259765625,50.276291797484475,49.87431290947762,50.151871847025824,659300
2026-02-11,50.03701400756836,50.33371529716117,49.61589277646637,50.190149332608556,632300
2026-02-12,49.079917907714844,50.20929231270191,49.0023954988276,50.18058057985731,1173900
2026-02-13,49.18519592285156,49.51539543317349,48.74493234311162,49.07991470790637,861900
2026-02-17,49.175628662109375,49.37566151863077,48.55351435689458,49.01292032723903,1011700
2026-02-18,49.539329528808594,49.81688848135571,49.17563536792058,49.27134358898909,617100
2026-02-19,49.3479118347168,49.52018954909711,49.16127825264387,49.35748119616703,703300
2026-02-20,49.76902770996094,49.8743089296667,49.07991692718441,49.17562878647788,790200
2026-02-23,49.252193450927734,49.73074178290574,49.05599053335445,49.67331831973016,966400
2026-02-24,49.73074722290039,49.797743704623265,49.11820587512874,49.34791070606032,664800
2026-02-25,50.343284606933594,50.371999990435675,49.95949154929147,49.95949154929147,1127000
2026-02-26,49.87430953979492,50.40071199372926,49.443615295290776,50.40071199372926,1093000
2026-02-27,49.740318298339844,49.769030031950386,49.34790878451392,49.44361699723857,1268500
2026-03-02,49.7914924621582,49.910251591722975,49.1156327972821,49.23149697969894,1007800
2026-03-03,49.30873489379883,49.453563276752156,48.56046105377126,48.980460417824894,1533400
2026-03-04,49.96528244018555,50.11976432552531,49.463215392046656,49.501836784166265,1060200
2026-03-05,49.86873245239258,50.129417640356735,49.376318912596595,49.82045387085829,1018800
2026-03-06,49.22183609008789,49.656317533648306,49.09631841013964,49.31356097348914,905900
2026-03-09,49.82045364379883,49.89769642739073,48.59039214852076,48.700459063686715,1126400
2026-03-10,49.81079864501953,50.20665869122092,49.65631676560286,49.791487949700134,734600
2026-03-11,49.849422454833984,50.15452261615445,49.65631917540727,49.94597225297799,644900
2026-03-12,49.12528610229492,49.62252454230826,49.091493305880576,49.579074556553486,942500
2026-03-13,48.85493850708008,49.579072992954615,48.7680422214496,49.35700552592971,982900
2026-03-16,49.414939880371094,49.63700735759563,49.28942219910901,49.29907938858843,756200
2026-03-17,49.63700485229492,49.79148672792094,49.521144366360026,49.56941926190469,628000
2026-03-18,49.019081115722656,49.622526564237354,48.999770419393535,49.54045886719265,899600
2026-03-19,48.903221130371094,49.077013716005034,48.41080757669534,48.67149645514625,794800
2026-03-20,48.024600982666016,48.80569889213666,47.76391212436927,48.75838897839358,1044100
2026-03-23,48.58460235595703,49.08666943899722,48.4204669527468,48.729430744904,1156500
2026-03-24,48.2852897644043,48.5749465284617,48.130807875705095,48.430118146432996,788400
2026-03-25,48.59425354003906,48.86266593941791,48.42528587943881,48.75838892296237,900200
2026-03-26,47.493568420410156,48.32390993229523,47.47425772441996,48.285288540314845,1325600
2026-03-27,46.60530090332031,47.3294354661131,46.513576013428796,47.31012476912863,1580500
2026-03-30,46.305992126464844,47.03495530792861,46.069442526226815,46.92391971745176,1340800
2026-03-31,47.78322219848633,47.87011848345606,46.75977747363591,46.87563795921608,1436400
2026-04-01,48.30139923095703,48.55464147110852,48.038414761046646,48.16990885378783,1071600
2026-04-02,48.389060974121094,48.40367060326389,47.39556532111854,47.52218829964283,719600
2026-04-06,48.622825622558594,48.749448609288706,48.33062187405025,48.437764115470166,964300
2026-04-07,48.642303466796875,48.642303466796875,47.882573022871746,48.40854196816085,642200
2026-04-08,49.85008239746094,50.005924631331894,49.54813644377323,50.005924631331894,1084300
2026-04-09,50.122806549072266,50.137416178280944,49.64067020732593,49.81112207404716,900800
2026-04-10,50.181251525878906,50.34293836703195,50.08384779987406,50.181251525878906,707700
2026-04-13,50.629295349121094,50.63416646410565,50.01566490608982,50.13254937228668,1169800
2026-04-14,51.32084274291992,51.32084274291992,50.82409678845541,50.83383530241389,1326300
2026-04-15,51.885772705078125,51.89551121895171,51.31110378166768,51.37928452549843,1153400
2026-04-16,52.0805778503418,52.16823933989458,51.734803006986894,51.98317413107649,1109200
2026-04-17,52.587066650390625,52.65524739687681,52.294859204796104,52.42148218351559,1357300
2026-04-20,52.479923248291016,52.5578425072967,52.177977295160645,52.48966176232725,969700
2026-04-21,52.304603576660156,52.67959769769137,52.15849984787949,52.5481073142465,825200
2026-04-22,53.005889892578125,53.015632122448785,52.57732466756989,52.68446690271495,1197300
2026-04-23,52.79161071777344,53.12277594741817,52.389340584004216,52.89875295612499,1301300
2026-04-24,53.600040435791016,53.62926341029468,53.1081655711063,53.200694462913674,1678900
2026-04-27,53.61952209472656,53.63413172444152,53.380889473047326,53.59030283529666,1534500
2026-04-28,53.2006950378418,53.32731802053385,52.94258167296454,53.181214293152856,1333500
2026-04-29,53.463680267333984,53.463680267333984,53.14225726439048,53.376018772790815,1175000
2026-04-30,53.8532829284668,53.91172144256455,53.20069103499109,53.71692144147625,1779100
2026-05-01,54.268924713134766,54.36718683024513,53.93975505452717,53.93975505452717,1224400
2026-05-04,54.209964752197266,54.43596573617547,53.95449075702358,54.268922019537186,1207600
2026-05-05,54.760223388671875,54.829004995655524,54.50474938392067,54.534226144537534,1184600
2026-05-06,55.58560562133789,55.61213620483807,55.06482953357556,55.182740322663626,1871500
2026-05-07,55.595436096191406,55.949168478657455,55.39301950509953,55.6838663805705,1309700
2026-05-08,56.568206787109375,56.568206787109375,55.88038694832182,55.90986745813956,1775800
2026-05-11,56.74507522583008,56.8040324975366,56.44046827782125,56.54364069207023,1622300
2026-05-12,56.35203552246094,56.51907925525961,55.67404374988401,56.45029764420036,1513700
2026-05-13,56.82368087768555,56.93176357898111,56.20464268792784,56.509245865943534,1294400
2026-05-14,57.17741775512695,57.29041825637149,56.81385728087707,56.89246697710225,1362900
2026-05-15,56.548553466796875,56.91211393004132,56.283251372542864,56.52890104333548,1040200
2026-05-18,56.2734260559082,57.00054696974643,55.83616994937018,56.67137731620728,1449000
2026-05-19,56.04743194580078,56.33238647448863,55.6249141959027,55.919693062541285,864900
2026-05-20,56.77455139160156,56.789289772294346,56.194818011680546,56.30290446784971,1086300
2026-05-21,56.8728141784668,57.03002982156506,56.391339163050276,56.54855480614854,1201600
2026-05-22,57.1086311340332,57.364108876031246,57.00054468536606,57.216717582700355,1158300
2026-05-26,57.8848876953125,57.957601286559004,57.526237530291674,57.68836721098533,1771400
2026-05-27,57.875064849853516,58.110886438472406,57.60976275141984,58.110886438472406,1623100
2026-05-28,58.24844741821289,58.29954446771728,57.6883664813698,57.914363723576976,1373800
2026-05-29,58.435142517089844,58.61692086717967,58.22879395327437,58.42531443159958,1966200
2026-06-01,58.70178985595703,58.86038960648333,58.28546314750279,58.43415206794709,1375500
2026-06-02,58.92977523803711,58.93968606786298,58.46487753343149,58.66213745694394,1080100
2026-06-03,58.82073974609375,59.048726655106485,58.592752837081015,58.969428669122934,1140400
2026-06-04,58.62248611450195,58.800911300495784,58.11695060839688,58.33502289469897,1043300
2026-06-05,56.293052673339844,58.07730078445611,56.2236655198915,58.067389954527606,2237800
2026-06-08,57.115787506103516,57.57176508902989,56.89771521651221,57.185174659334784,1754800
2026-06-09,56.51112747192383,57.75514654622141,54.87061090051045,57.581678654900976,2597000
2026-06-10,55.46040344238281,56.73911604721944,55.400927118442866,55.96593896126532,1245900
2026-06-11,57.13561248779297,57.24465052236998,55.58034200042771,55.876725347222724,1559600
2026-06-12,57.54202651977539,57.67088999966172,56.78867864471239,57.22482701645241,1206000
2026-06-15,58.99916458129883,59.04872629490076,58.592752479656795,58.70179051837087,1295400
2026-06-16,58.146690368652344,59.04872718250561,58.11695409630747,58.93968914215251,978400
2026-06-17,57.700626373291016,58.52336518614231,57.56185206300678,58.483714302827856,1056800
2026-06-18,58.87030029296875,58.97933833018643,58.38459021249258,58.58283706417966,1233800
2026-06-22,58.8504753112793,59.3064529051441,58.59275213328297,59.04872594583143,1763800
2026-06-23,57.10587692260742,57.805700249720964,56.977013445486364,57.24465122966874,1968300
2026-06-24,56.93736267089844,57.57176544644837,56.431827154029826,57.20500045558756,1450100
2026-06-25,57.37351608276367,58.14668940140029,56.53095182761595,58.077302246205534,1376400
2026-06-26,56.600337982177734,57.28430247317193,56.33270397762451,56.66477161180257,1333800
2026-06-29,57.928611755371094,57.948437196506404,56.56069034888098,57.35368908771211,2017600
2026-06-30,58.79100036621094,58.900034618510006,57.948436149112396,58.05747418272766,1857400
2026-07-01,58.04999923706055,58.4900016784668,58.0,58.29499816894531,1186700
2026-07-02,57.150001525878906,58.38999938964844,56.709999084472656,58.099998474121094,1314600
2026-07-06,57.880001068115234,58.099998474121094,57.470001220703125,57.58000183105469,1586400
2026-07-07,56.93000030517578,57.400001525878906,56.54999923706055,57.29999923706055,1720800
2026-07-08,57.09000015258789,57.13999938964844,56.279998779296875,56.6150016784668,1510600
2026-07-09,57.95000076293945,58.03900146484375,57.369998931884766,57.55500030517578,1019200
2026-07-10,58.150001525878906,58.20000076293945,57.52000045776367,57.7400016784668,1427400
2026-07-13,57.150001525878906,57.65999984741211,57.02000045776367,57.54999923706055,1226900
2026-07-14,57.75,57.90999984741211,57.380001068115234,57.7599983215332,914000
2026-07-15,57.59000015258789,58.09000015258789,57.04999923706055,58.08000183105469,1202000
2026-07-16,56.72999954223633,57.29999923706055,56.45500183105469,57.27000045776367,1464100
2026-07-17,55.97999954223633,56.479000091552734,55.262001037597656,55.81999969482422,1417600
2026-07-20,56.029998779296875,56.74800109863281,55.974998474121094,56.470001220703125,1219700
2026-07-21,56.9900016784668,57.060001373291016,56.525001525878906,56.810001373291016,837800
2026-07-22,56.75,57.040000915527344,56.630001068115234,56.70000076293945,851400
2026-07-23,55.779998779296875,56.27000045776367,55.41999816894531,55.970001220703125,1536700
2026-07-24,55.18000030517578,55.83000183105469,55.034000396728516,55.75,1521415
